Order,Latitude,Longitude,Date Created,Distance from Last,Distance from Start,Speed
1,37.2294632,-80.4241073,4/10/2022 8:42:28 AM,0,0,0
2,37.2294632,-80.4241073,4/10/2022 8:42:33 AM,0,0,0
3,37.2294632,-80.4241073,4/10/2022 8:42:38 AM,0,0,0
4,37.2294632,-80.4241073,4/10/2022 8:42:43 AM,0,0,0
5,37.2294632,-80.4241073,4/10/2022 8:42:48 AM,0,0,0
6,37.2294632,-80.4241073,4/10/2022 8:42:53 AM,0,0,0
7,37.2294632,-80.4241073,4/10/2022 8:42:58 AM,0,0,0
8,37.2294632,-80.4241073,4/10/2022 8:43:03 AM,0,0,0
9,37.2294632,-80.4241073,4/10/2022 8:43:08 AM,0,0,0
10,37.2294499,-80.42404,4/10/2022 8:43:13 AM,0.0061,0.0061,4.42
11,37.2294454,-80.4240064,4/10/2022 8:43:18 AM,0.003,0.0092,2.17
12,37.2294454,-80.4239112,4/10/2022 8:43:23 AM,0.0084,0.0176,6.07
13,37.2294543,-80.4238384,4/10/2022 8:43:28 AM,0.0065,0.0241,4.7
14,37.2294588,-80.4237711,4/10/2022 8:43:33 AM,0.006,0.0301,4.3
15,37.2294588,-80.4237431,4/10/2022 8:43:38 AM,0.0025,0.0326,1.79
16,37.2294588,-80.4237431,4/10/2022 8:43:43 AM,0,0.0326,0
17,37.2294588,-80.4237431,4/10/2022 8:43:48 AM,0,0.0326,0
18,37.2294721,-80.4236983,4/10/2022 8:43:53 AM,0.0042,0.0368,3.05
19,37.2296102,-80.4236927,4/10/2022 8:43:58 AM,0.0154,0.0522,11.06
20,37.2296725,-80.4236927,4/10/2022 8:44:03 AM,0.0069,0.0591,4.99
21,37.2297126,-80.4236927,4/10/2022 8:44:08 AM,0.0045,0.0635,3.21
22,37.2297883,-80.4236983,4/10/2022 8:44:13 AM,0.0084,0.072,6.07
23,37.2298729,-80.4236983,4/10/2022 8:44:18 AM,0.0094,0.0814,6.77
24,37.2299264,-80.4236983,4/10/2022 8:44:23 AM,0.0059,0.0873,4.28
25,37.2300912,-80.4237151,4/10/2022 8:44:28 AM,0.0184,0.1057,13.24
26,37.2301891,-80.4236983,4/10/2022 8:44:33 AM,0.011,0.1167,7.92
27,37.2302159,-80.4236983,4/10/2022 8:44:38 AM,0.003,0.1197,2.14
28,37.2302515,-80.4236983,4/10/2022 8:44:43 AM,0.004,0.1236,2.85
29,37.2302871,-80.4237039,4/10/2022 8:44:48 AM,0.004,0.1276,2.87
30,37.2303406,-80.4237655,4/10/2022 8:44:53 AM,0.0081,0.1357,5.81
31,37.2303762,-80.4238384,4/10/2022 8:44:58 AM,0.0076,0.1433,5.45
32,37.2304608,-80.423872,4/10/2022 8:45:03 AM,0.0099,0.1531,7.11
33,37.2304964,-80.4239728,4/10/2022 8:45:08 AM,0.0098,0.1629,7.03
34,37.2305989,-80.4240512,4/10/2022 8:45:13 AM,0.0133,0.1762,9.6
35,37.23063,-80.4241465,4/10/2022 8:45:18 AM,0.0091,0.1854,6.56
36,37.2307146,-80.4241913,4/10/2022 8:45:23 AM,0.0102,0.1956,7.35
37,37.2307325,-80.4242753,4/10/2022 8:45:28 AM,0.0077,0.2033,5.54
38,37.230777,-80.4243145,4/10/2022 8:45:33 AM,0.006,0.2093,4.35
39,37.230826,-80.4243594,4/10/2022 8:45:38 AM,0.0067,0.2161,4.85
40,37.2308527,-80.4244154,4/10/2022 8:45:43 AM,0.0058,0.2218,4.16
41,37.2309017,-80.4244826,4/10/2022 8:45:48 AM,0.0081,0.2299,5.81
42,37.2309061,-80.4245835,4/10/2022 8:45:53 AM,0.0089,0.2388,6.44
43,37.2309061,-80.4246955,4/10/2022 8:45:58 AM,0.0099,0.2488,7.14
44,37.2309106,-80.4247683,4/10/2022 8:46:03 AM,0.0065,0.2552,4.66
45,37.2309106,-80.424886,4/10/2022 8:46:08 AM,0.0104,0.2657,7.5
46,37.2309151,-80.4250485,4/10/2022 8:46:13 AM,0.0144,0.28,10.36
47,37.2309151,-80.4251157,4/10/2022 8:46:18 AM,0.006,0.286,4.29
48,37.2309195,-80.4252165,4/10/2022 8:46:23 AM,0.0089,0.2949,6.44
49,37.2309106,-80.4252165,4/10/2022 8:46:28 AM,0.001,0.2959,0.71
50,37.2308705,-80.4252165,4/10/2022 8:46:33 AM,0.0045,0.3004,3.21
51,37.2308304,-80.4252165,4/10/2022 8:46:38 AM,0.0045,0.3048,3.21
52,37.2307592,-80.4252109,4/10/2022 8:46:43 AM,0.0079,0.3128,5.72
53,37.2306835,-80.4252109,4/10/2022 8:46:48 AM,0.0084,0.3212,6.06
54,37.2306835,-80.4252109,4/10/2022 8:46:53 AM,0,0.3212,0
55,37.2306835,-80.4252109,4/10/2022 8:46:58 AM,0,0.3212,0
56,37.2306835,-80.4252109,4/10/2022 8:47:03 AM,0,0.3212,0
57,37.2306835,-80.4252109,4/10/2022 8:47:08 AM,0,0.3212,0
58,37.2306835,-80.4252109,4/10/2022 8:47:13 AM,0,0.3212,0
59,37.2306835,-80.4252109,4/10/2022 8:47:18 AM,0,0.3212,0
60,37.2306835,-80.4252109,4/10/2022 8:47:23 AM,0,0.3212,0
61,37.2306835,-80.4252109,4/10/2022 8:47:28 AM,0,0.3212,0
62,37.2306835,-80.4252109,4/10/2022 8:47:33 AM,0,0.3212,0
63,37.2306835,-80.4252109,4/10/2022 8:47:38 AM,0,0.3212,0
64,37.2306835,-80.4252109,4/10/2022 8:47:43 AM,0,0.3212,0
65,37.2306835,-80.4252109,4/10/2022 8:47:48 AM,0,0.3212,0
66,37.2306835,-80.4252109,4/10/2022 8:47:53 AM,0,0.3212,0
67,37.2306835,-80.4252109,4/10/2022 8:47:58 AM,0,0.3212,0
68,37.2306835,-80.4252109,4/10/2022 8:48:03 AM,0,0.3212,0
69,37.2306835,-80.4252109,4/10/2022 8:48:08 AM,0,0.3212,0
70,37.2306835,-80.4252109,4/10/2022 8:48:13 AM,0,0.3212,0
71,37.2306835,-80.4252109,4/10/2022 8:48:18 AM,0,0.3212,0
72,37.2306835,-80.4252109,4/10/2022 8:48:23 AM,0,0.3212,0
73,37.2306835,-80.4252109,4/10/2022 8:48:28 AM,0,0.3212,0
74,37.2306835,-80.4252109,4/10/2022 8:48:33 AM,0,0.3212,0
75,37.2306835,-80.4252109,4/10/2022 8:48:38 AM,0,0.3212,0
76,37.2306835,-80.4252109,4/10/2022 8:48:43 AM,0,0.3212,0
77,37.2306835,-80.4252165,4/10/2022 8:48:48 AM,0.0005,0.3217,0.36
78,37.2306835,-80.4252165,4/10/2022 8:48:53 AM,0,0.3217,0
79,37.2306835,-80.4252165,4/10/2022 8:48:58 AM,0,0.3217,0
80,37.230679,-80.4252277,4/10/2022 8:49:03 AM,0.0011,0.3228,0.8
81,37.2306657,-80.4253062,4/10/2022 8:49:08 AM,0.0071,0.3299,5.11
82,37.230679,-80.4253902,4/10/2022 8:49:13 AM,0.0076,0.3375,5.46
83,37.2307236,-80.4254686,4/10/2022 8:49:18 AM,0.0085,0.346,6.14
84,37.2307725,-80.425491,4/10/2022 8:49:23 AM,0.0058,0.3518,4.17
85,37.2308082,-80.4255022,4/10/2022 8:49:28 AM,0.0041,0.3559,2.94
86,37.2308527,-80.4255302,4/10/2022 8:49:33 AM,0.0055,0.3614,3.99
87,37.2308928,-80.4255639,4/10/2022 8:49:38 AM,0.0054,0.3668,3.86
88,37.2308928,-80.4256591,4/10/2022 8:49:43 AM,0.0084,0.3752,6.07
89,37.2308928,-80.4257319,4/10/2022 8:49:48 AM,0.0064,0.3817,4.64
90,37.2308972,-80.4258216,4/10/2022 8:49:53 AM,0.008,0.3896,5.72
91,37.2308972,-80.4258664,4/10/2022 8:49:58 AM,0.004,0.3936,2.86
92,37.2308928,-80.4259896,4/10/2022 8:50:03 AM,0.0109,0.4045,7.86
93,37.2308883,-80.4260737,4/10/2022 8:50:08 AM,0.0075,0.412,5.37
94,37.2308883,-80.4261409,4/10/2022 8:50:13 AM,0.006,0.4179,4.29
95,37.2308883,-80.4261745,4/10/2022 8:50:18 AM,0.003,0.4209,2.14
96,37.2308661,-80.4261745,4/10/2022 8:50:23 AM,0.0025,0.4234,1.78
97,37.230826,-80.4261745,4/10/2022 8:50:28 AM,0.0045,0.4278,3.21
98,37.2307414,-80.4261689,4/10/2022 8:50:33 AM,0.0094,0.4373,6.78
99,37.2306478,-80.4261577,4/10/2022 8:50:38 AM,0.0104,0.4477,7.52
100,37.2305499,-80.4261577,4/10/2022 8:50:43 AM,0.0109,0.4586,7.84
101,37.2304563,-80.4261577,4/10/2022 8:50:48 AM,0.0104,0.469,7.49
102,37.2303495,-80.4261689,4/10/2022 8:50:53 AM,0.0119,0.4809,8.59
103,37.230296,-80.4261689,4/10/2022 8:50:58 AM,0.0059,0.4869,4.28
104,37.230198,-80.4261913,4/10/2022 8:51:03 AM,0.0111,0.4979,7.97
105,37.2300823,-80.4261857,4/10/2022 8:51:08 AM,0.0129,0.5108,9.28
106,37.2299308,-80.4261857,4/10/2022 8:51:13 AM,0.0168,0.5277,12.12
107,37.2297839,-80.4261857,4/10/2022 8:51:18 AM,0.0163,0.544,11.77
108,37.2296948,-80.4262025,4/10/2022 8:51:23 AM,0.01,0.554,7.21
109,37.2295345,-80.4261745,4/10/2022 8:51:28 AM,0.018,0.572,12.96
110,37.2293875,-80.4261969,4/10/2022 8:51:33 AM,0.0165,0.5885,11.85
111,37.2293074,-80.4261969,4/10/2022 8:51:38 AM,0.0089,0.5974,6.42
112,37.229196,-80.4261745,4/10/2022 8:51:43 AM,0.0125,0.6099,9.03
113,37.2290713,-80.4261801,4/10/2022 8:51:48 AM,0.0139,0.6238,9.99
114,37.2289288,-80.4261913,4/10/2022 8:51:53 AM,0.0159,0.6397,11.43
115,37.228862,-80.4261913,4/10/2022 8:51:58 AM,0.0074,0.6471,5.35
116,37.2287908,-80.4261913,4/10/2022 8:52:03 AM,0.0079,0.655,5.7
117,37.2287863,-80.4261913,4/10/2022 8:52:08 AM,0.0005,0.6555,0.36
118,37.2287863,-80.4261017,4/10/2022 8:52:13 AM,0.0079,0.6635,5.71
119,37.2287863,-80.4259952,4/10/2022 8:52:18 AM,0.0094,0.6729,6.79
120,37.2287908,-80.4257599,4/10/2022 8:52:23 AM,0.0208,0.6937,15
121,37.2287774,-80.4256927,4/10/2022 8:52:28 AM,0.0061,0.6999,4.42
122,37.228764,-80.4256031,4/10/2022 8:52:33 AM,0.0081,0.7079,5.81
123,37.228764,-80.4255302,4/10/2022 8:52:38 AM,0.0064,0.7144,4.64
124,37.228764,-80.4254518,4/10/2022 8:52:43 AM,0.0069,0.7213,5
125,37.2287729,-80.4253062,4/10/2022 8:52:48 AM,0.0129,0.7343,9.31
126,37.2287507,-80.4251157,4/10/2022 8:52:53 AM,0.017,0.7513,12.27
127,37.2287952,-80.424914,4/10/2022 8:52:58 AM,0.0185,0.7698,13.34
128,37.2287818,-80.424858,4/10/2022 8:53:03 AM,0.0052,0.775,3.73
129,37.2287908,-80.4247795,4/10/2022 8:53:08 AM,0.007,0.782,5.05
130,37.2288576,-80.4247739,4/10/2022 8:53:13 AM,0.0074,0.7895,5.36
131,37.2289021,-80.4247739,4/10/2022 8:53:18 AM,0.005,0.7944,3.57
132,37.2289555,-80.4247795,4/10/2022 8:53:23 AM,0.006,0.8004,4.29
133,37.2289823,-80.4247795,4/10/2022 8:53:28 AM,0.003,0.8034,2.14
134,37.2289823,-80.4247795,4/10/2022 8:53:33 AM,0,0.8034,0
135,37.2289823,-80.4247795,4/10/2022 8:53:38 AM,0,0.8034,0
136,37.2289823,-80.4247795,4/10/2022 8:53:43 AM,0,0.8034,0
137,37.2289823,-80.4247795,4/10/2022 8:53:48 AM,0,0.8034,0
138,37.2289823,-80.4247795,4/10/2022 8:53:53 AM,0,0.8034,0
139,37.2289823,-80.4247795,4/10/2022 8:53:58 AM,0,0.8034,0
140,37.2289823,-80.4247795,4/10/2022 8:54:03 AM,0,0.8034,0
141,37.2289823,-80.4247795,4/10/2022 8:54:08 AM,0,0.8034,0
142,37.2289823,-80.4247795,4/10/2022 8:54:13 AM,0,0.8034,0
143,37.2289823,-80.4247795,4/10/2022 8:54:18 AM,0,0.8034,0
144,37.2289689,-80.4247571,4/10/2022 8:54:23 AM,0.0025,0.8058,1.78
145,37.2289333,-80.4247571,4/10/2022 8:54:28 AM,0.004,0.8098,2.85
146,37.2288843,-80.4247571,4/10/2022 8:54:33 AM,0.0054,0.8153,3.92
147,37.2288175,-80.4247291,4/10/2022 8:54:38 AM,0.0078,0.8231,5.64
148,37.2287863,-80.4246899,4/10/2022 8:54:43 AM,0.0049,0.828,3.53
149,37.2287863,-80.4244994,4/10/2022 8:54:48 AM,0.0169,0.8449,12.14
150,37.2287818,-80.4244098,4/10/2022 8:54:53 AM,0.008,0.8528,5.73
151,37.2287818,-80.4243538,4/10/2022 8:54:58 AM,0.005,0.8578,3.57
152,37.2287818,-80.4242417,4/10/2022 8:55:03 AM,0.0099,0.8677,7.14
153,37.2287863,-80.4240849,4/10/2022 8:55:08 AM,0.0139,0.8816,10.01
154,37.2287818,-80.4239224,4/10/2022 8:55:13 AM,0.0144,0.896,10.36
155,37.2287818,-80.423844,4/10/2022 8:55:18 AM,0.0069,0.9029,5
156,37.2287818,-80.4237543,4/10/2022 8:55:23 AM,0.0079,0.9109,5.71
157,37.2287818,-80.4236871,4/10/2022 8:55:28 AM,0.006,0.9168,4.29
158,37.2287818,-80.4236871,4/10/2022 8:55:33 AM,0,0.9168,0
159,37.2289021,-80.4236871,4/10/2022 8:55:38 AM,0.0134,0.9302,9.63
160,37.2290268,-80.4236815,4/10/2022 8:55:43 AM,0.0139,0.9441,9.99
161,37.2291069,-80.4236815,4/10/2022 8:55:48 AM,0.0089,0.953,6.42
162,37.2292406,-80.4237095,4/10/2022 8:55:53 AM,0.0151,0.968,10.84
163,37.229343,-80.4237095,4/10/2022 8:55:58 AM,0.0114,0.9794,8.2
164,37.2294899,-80.4237039,4/10/2022 8:56:03 AM,0.0163,0.9958,11.77
165,37.2296636,-80.4236927,4/10/2022 8:56:08 AM,0.0193,1.0151,13.92
166,37.2298195,-80.4236927,4/10/2022 8:56:13 AM,0.0173,1.0324,12.48
167,37.2299576,-80.4236927,4/10/2022 8:56:18 AM,0.0154,1.0478,11.05
168,37.2300422,-80.4236927,4/10/2022 8:56:23 AM,0.0094,1.0572,6.77
169,37.2301402,-80.4237207,4/10/2022 8:56:28 AM,0.0112,1.0684,8.04
170,37.2302159,-80.4236983,4/10/2022 8:56:33 AM,0.0086,1.077,6.23
171,37.2303094,-80.4236927,4/10/2022 8:56:38 AM,0.0104,1.0874,7.5
172,37.2303673,-80.4237935,4/10/2022 8:56:43 AM,0.011,1.0984,7.92
173,37.2304385,-80.4238664,4/10/2022 8:56:48 AM,0.0102,1.1087,7.36
174,37.2305098,-80.4240064,4/10/2022 8:56:53 AM,0.0147,1.1234,10.59
175,37.2306256,-80.4240849,4/10/2022 8:56:58 AM,0.0146,1.138,10.53
176,37.2306701,-80.4241857,4/10/2022 8:57:03 AM,0.0102,1.1482,7.35
177,37.2307592,-80.4242529,4/10/2022 8:57:08 AM,0.0116,1.1598,8.32
178,37.230826,-80.4243706,4/10/2022 8:57:13 AM,0.0128,1.1726,9.21
179,37.2308705,-80.4244042,4/10/2022 8:57:18 AM,0.0058,1.1783,4.16
180,37.2308972,-80.4244714,4/10/2022 8:57:23 AM,0.0067,1.185,4.79
181,37.2309017,-80.4245274,4/10/2022 8:57:28 AM,0.005,1.19,3.59
182,37.2308972,-80.4246451,4/10/2022 8:57:33 AM,0.0104,1.2004,7.51
183,37.2308972,-80.4246843,4/10/2022 8:57:38 AM,0.0035,1.2039,2.5
184,37.2308972,-80.4247403,4/10/2022 8:57:43 AM,0.005,1.2088,3.57
185,37.2308972,-80.4248524,4/10/2022 8:57:48 AM,0.0099,1.2187,7.14
186,37.2308972,-80.4249924,4/10/2022 8:57:53 AM,0.0124,1.2311,8.93
187,37.230924,-80.4251325,4/10/2022 8:57:58 AM,0.0128,1.2439,9.18
188,37.2309195,-80.4252277,4/10/2022 8:58:03 AM,0.0084,1.2523,6.08
189,37.2308616,-80.4252557,4/10/2022 8:58:08 AM,0.0069,1.2592,4.97
190,37.2307636,-80.4252557,4/10/2022 8:58:13 AM,0.0109,1.2701,7.84
191,37.2306835,-80.4252501,4/10/2022 8:58:18 AM,0.0089,1.2791,6.43
192,37.2306835,-80.4252501,4/10/2022 8:58:23 AM,0,1.2791,0
193,37.2306835,-80.4252501,4/10/2022 8:58:28 AM,0,1.2791,0
194,37.2306835,-80.4252501,4/10/2022 8:58:33 AM,0,1.2791,0
195,37.2306835,-80.4252501,4/10/2022 8:58:38 AM,0,1.2791,0
196,37.2306835,-80.4252501,4/10/2022 8:58:43 AM,0,1.2791,0
197,37.2306835,-80.4252501,4/10/2022 8:58:48 AM,0,1.2791,0
198,37.2306835,-80.4252501,4/10/2022 8:58:53 AM,0,1.2791,0
199,37.2306835,-80.4252501,4/10/2022 8:58:58 AM,0,1.2791,0
200,37.2306835,-80.4252501,4/10/2022 8:59:03 AM,0,1.2791,0
201,37.2306835,-80.4252501,4/10/2022 8:59:08 AM,0,1.2791,0
202,37.2306835,-80.4252501,4/10/2022 8:59:13 AM,0,1.2791,0
203,37.2306835,-80.4252501,4/10/2022 8:59:18 AM,0,1.2791,0
204,37.2306835,-80.4252501,4/10/2022 8:59:23 AM,0,1.2791,0
205,37.2306835,-80.4252501,4/10/2022 8:59:28 AM,0,1.2791,0
206,37.2306835,-80.4252501,4/10/2022 8:59:33 AM,0,1.2791,0
207,37.2306835,-80.4252501,4/10/2022 8:59:38 AM,0,1.2791,0
208,37.2306835,-80.4252501,4/10/2022 8:59:43 AM,0,1.2791,0
209,37.2306835,-80.4252501,4/10/2022 8:59:48 AM,0,1.2791,0
210,37.2306835,-80.4252501,4/10/2022 8:59:53 AM,0,1.2791,0
211,37.2306835,-80.4252501,4/10/2022 8:59:58 AM,0,1.2791,0
212,37.2306835,-80.4252501,4/10/2022 9:00:03 AM,0,1.2791,0
213,37.2306968,-80.4252725,4/10/2022 9:00:08 AM,0.0025,1.2815,1.78
214,37.2307102,-80.4253062,4/10/2022 9:00:13 AM,0.0033,1.2849,2.39
215,37.230728,-80.4253454,4/10/2022 9:00:18 AM,0.004,1.2889,2.88
216,37.2307904,-80.4253902,4/10/2022 9:00:23 AM,0.008,1.2969,5.75
217,37.2308438,-80.425435,4/10/2022 9:00:28 AM,0.0071,1.304,5.14
218,37.230875,-80.4254518,4/10/2022 9:00:33 AM,0.0038,1.3078,2.72
219,37.2308839,-80.4254574,4/10/2022 9:00:38 AM,0.0011,1.3089,0.8
220,37.2308883,-80.4255302,4/10/2022 9:00:43 AM,0.0065,1.3153,4.66
221,37.2308883,-80.4256143,4/10/2022 9:00:48 AM,0.0074,1.3228,5.36
222,37.2308883,-80.4257487,4/10/2022 9:00:53 AM,0.0119,1.3347,8.57
223,37.2308661,-80.4259168,4/10/2022 9:00:58 AM,0.0151,1.3498,10.86
224,37.2308794,-80.4259896,4/10/2022 9:01:03 AM,0.0066,1.3564,4.76
225,37.2308794,-80.4260849,4/10/2022 9:01:08 AM,0.0084,1.3648,6.07
226,37.2308794,-80.4261801,4/10/2022 9:01:13 AM,0.0084,1.3733,6.07
227,37.2308171,-80.4261689,4/10/2022 9:01:18 AM,0.007,1.3803,5.04
228,37.2307547,-80.4261689,4/10/2022 9:01:23 AM,0.0069,1.3872,4.99
229,37.2306478,-80.4261689,4/10/2022 9:01:28 AM,0.0119,1.3991,8.56
230,37.2304474,-80.4261633,4/10/2022 9:01:33 AM,0.0223,1.4214,16.05
231,37.230247,-80.4261633,4/10/2022 9:01:38 AM,0.0223,1.4437,16.04
232,37.2301446,-80.4261633,4/10/2022 9:01:43 AM,0.0114,1.455,8.2
233,37.2300511,-80.4261689,4/10/2022 9:01:48 AM,0.0104,1.4655,7.5
234,37.2299219,-80.4261689,4/10/2022 9:01:53 AM,0.0144,1.4798,10.34
235,37.2298373,-80.4261689,4/10/2022 9:01:58 AM,0.0094,1.4892,6.77
236,37.2297215,-80.4261689,4/10/2022 9:02:03 AM,0.0129,1.5021,9.27
237,37.2296547,-80.4261689,4/10/2022 9:02:08 AM,0.0074,1.5095,5.35
238,37.2295523,-80.4261801,4/10/2022 9:02:13 AM,0.0114,1.521,8.23
239,37.2294454,-80.4261745,4/10/2022 9:02:18 AM,0.0119,1.5329,8.56
240,37.2293029,-80.4261745,4/10/2022 9:02:23 AM,0.0158,1.5487,11.41
241,37.2292094,-80.4261745,4/10/2022 9:02:28 AM,0.0104,1.5591,7.49
242,37.2290713,-80.4261745,4/10/2022 9:02:33 AM,0.0154,1.5744,11.05
243,37.2290312,-80.4261689,4/10/2022 9:02:38 AM,0.0045,1.5789,3.23
244,37.2289956,-80.4261689,4/10/2022 9:02:43 AM,0.004,1.5829,2.85
245,37.2289065,-80.4261689,4/10/2022 9:02:48 AM,0.0099,1.5928,7.13
246,37.2288353,-80.4261689,4/10/2022 9:02:53 AM,0.0079,1.6007,5.7
247,37.2287952,-80.4260905,4/10/2022 9:02:58 AM,0.0083,1.609,5.94
248,37.2287908,-80.4260233,4/10/2022 9:03:03 AM,0.006,1.6149,4.3
249,37.2287774,-80.4259392,4/10/2022 9:03:08 AM,0.0076,1.6225,5.46
250,37.2287818,-80.425872,4/10/2022 9:03:13 AM,0.006,1.6285,4.3
251,37.2287818,-80.4257936,4/10/2022 9:03:18 AM,0.0069,1.6355,5
252,37.2287685,-80.4256143,4/10/2022 9:03:23 AM,0.0159,1.6514,11.48
253,37.2287685,-80.4254518,4/10/2022 9:03:28 AM,0.0144,1.6658,10.36
254,37.2287729,-80.4252837,4/10/2022 9:03:33 AM,0.0149,1.6807,10.72
255,37.2287729,-80.4251829,4/10/2022 9:03:38 AM,0.0089,1.6896,6.43
256,37.2287729,-80.4251381,4/10/2022 9:03:43 AM,0.004,1.6936,2.86
257,37.2287863,-80.4251045,4/10/2022 9:03:48 AM,0.0033,1.6969,2.39
258,37.228862,-80.4250877,4/10/2022 9:03:53 AM,0.0085,1.7054,6.16
259,37.2289244,-80.4250765,4/10/2022 9:03:58 AM,0.007,1.7124,5.04
260,37.2289689,-80.4250765,4/10/2022 9:04:03 AM,0.005,1.7174,3.57
261,37.2289689,-80.4250765,4/10/2022 9:04:08 AM,0,1.7174,0
262,37.2289689,-80.4250765,4/10/2022 9:04:13 AM,0,1.7174,0
263,37.2289689,-80.4250765,4/10/2022 9:04:18 AM,0,1.7174,0
264,37.2289689,-80.4250765,4/10/2022 9:04:23 AM,0,1.7174,0
265,37.2289689,-80.4250765,4/10/2022 9:04:28 AM,0,1.7174,0
266,37.2289689,-80.4250765,4/10/2022 9:04:33 AM,0,1.7174,0
267,37.2289689,-80.4250765,4/10/2022 9:04:38 AM,0,1.7174,0
268,37.2289555,-80.4250485,4/10/2022 9:04:43 AM,0.0029,1.7203,2.08
269,37.2289155,-80.4250428,4/10/2022 9:04:48 AM,0.0045,1.7248,3.23
270,37.2288887,-80.4250316,4/10/2022 9:04:53 AM,0.0031,1.7279,2.26
271,37.2288531,-80.425026,4/10/2022 9:04:58 AM,0.004,1.7319,2.87
272,37.2287863,-80.4250148,4/10/2022 9:05:03 AM,0.0075,1.7394,5.4
273,37.2287774,-80.4249252,4/10/2022 9:05:08 AM,0.008,1.7474,5.76
274,37.2287729,-80.4248524,4/10/2022 9:05:13 AM,0.0065,1.7539,4.66
275,37.2287729,-80.4247235,4/10/2022 9:05:18 AM,0.0114,1.7653,8.21
276,37.2287729,-80.4246227,4/10/2022 9:05:23 AM,0.0089,1.7742,6.43
277,37.2287729,-80.4245218,4/10/2022 9:05:28 AM,0.0089,1.7831,6.43
278,37.2287729,-80.4243818,4/10/2022 9:05:33 AM,0.0124,1.7955,8.93
279,37.228764,-80.4242641,4/10/2022 9:05:38 AM,0.0105,1.806,7.53
280,37.228764,-80.4241857,4/10/2022 9:05:43 AM,0.0069,1.8129,5
281,37.228764,-80.4240736,4/10/2022 9:05:48 AM,0.0099,1.8228,7.14
282,37.2287818,-80.4239504,4/10/2022 9:05:53 AM,0.0111,1.8339,7.99
283,37.2287685,-80.4238159,4/10/2022 9:05:58 AM,0.012,1.8459,8.64
284,37.2287685,-80.4237711,4/10/2022 9:06:03 AM,0.004,1.8499,2.86
285,37.2287685,-80.4237711,4/10/2022 9:06:08 AM,0,1.8499,0
286,37.2288576,-80.4237039,4/10/2022 9:06:13 AM,0.0116,1.8615,8.32
287,37.228911,-80.4236983,4/10/2022 9:06:18 AM,0.006,1.8674,4.29
288,37.2290446,-80.4236983,4/10/2022 9:06:23 AM,0.0149,1.8823,10.7
289,37.2291782,-80.4236815,4/10/2022 9:06:28 AM,0.0149,1.8972,10.75
290,37.2293029,-80.4236815,4/10/2022 9:06:33 AM,0.0139,1.9111,9.98
291,37.2294053,-80.4236759,4/10/2022 9:06:38 AM,0.0114,1.9225,8.21
292,37.2295657,-80.4237095,4/10/2022 9:06:43 AM,0.0181,1.9405,13.01
293,37.229726,-80.4236815,4/10/2022 9:06:48 AM,0.018,1.9585,12.96
294,37.229815,-80.4237151,4/10/2022 9:06:53 AM,0.0103,1.9689,7.45
295,37.2299175,-80.4236815,4/10/2022 9:06:58 AM,0.0118,1.9807,8.48
296,37.2300511,-80.4236815,4/10/2022 9:07:03 AM,0.0149,1.9955,10.7
297,37.230158,-80.4236927,4/10/2022 9:07:08 AM,0.0119,2.0074,8.59
298,37.230247,-80.4236983,4/10/2022 9:07:13 AM,0.0099,2.0174,7.14
299,37.2303317,-80.4236983,4/10/2022 9:07:18 AM,0.0094,2.0268,6.77
300,37.2303806,-80.4237655,4/10/2022 9:07:23 AM,0.0081,2.0348,5.81
301,37.2304341,-80.4238776,4/10/2022 9:07:28 AM,0.0116,2.0464,8.33
302,37.2305053,-80.4239504,4/10/2022 9:07:33 AM,0.0102,2.0566,7.36
303,37.2305766,-80.42404,4/10/2022 9:07:38 AM,0.0112,2.0678,8.07
304,37.2306968,-80.4241857,4/10/2022 9:07:43 AM,0.0186,2.0864,13.37
305,37.2307325,-80.4242697,4/10/2022 9:07:48 AM,0.0084,2.0948,6.07
306,37.2308215,-80.4243482,4/10/2022 9:07:53 AM,0.0121,2.1069,8.71
307,37.2308527,-80.4244098,4/10/2022 9:07:58 AM,0.0065,2.1134,4.65
308,37.2308928,-80.4244434,4/10/2022 9:08:03 AM,0.0054,2.1187,3.86
309,37.2309017,-80.4245274,4/10/2022 9:08:08 AM,0.0075,2.1263,5.4
310,37.2309017,-80.4245498,4/10/2022 9:08:13 AM,0.002,2.1282,1.43
311,37.2309017,-80.4246731,4/10/2022 9:08:18 AM,0.0109,2.1391,7.86
312,37.2309061,-80.4247739,4/10/2022 9:08:23 AM,0.0089,2.1481,6.44
313,37.2309061,-80.4248692,4/10/2022 9:08:28 AM,0.0084,2.1565,6.07
314,37.2309061,-80.4250092,4/10/2022 9:08:33 AM,0.0124,2.1689,8.93
315,37.2309061,-80.4250877,4/10/2022 9:08:38 AM,0.0069,2.1759,5
316,37.2309195,-80.4251997,4/10/2022 9:08:43 AM,0.01,2.1859,7.22
317,37.2309195,-80.4251997,4/10/2022 9:08:48 AM,0,2.1859,0
318,37.2308883,-80.4252333,4/10/2022 9:08:53 AM,0.0046,2.1905,3.29
319,37.2308126,-80.4252333,4/10/2022 9:08:58 AM,0.0084,2.1989,6.06
320,37.2307636,-80.4252333,4/10/2022 9:09:03 AM,0.0054,2.2043,3.92
321,37.2307236,-80.4252333,4/10/2022 9:09:08 AM,0.0045,2.2088,3.21
322,37.2307057,-80.4252333,4/10/2022 9:09:13 AM,0.002,2.2108,1.43
323,37.2307013,-80.4252333,4/10/2022 9:09:18 AM,0.0005,2.2113,0.36
324,37.2307013,-80.4252333,4/10/2022 9:09:23 AM,0,2.2113,0
325,37.2307013,-80.4252333,4/10/2022 9:09:28 AM,0,2.2113,0
326,37.2307013,-80.4252333,4/10/2022 9:09:33 AM,0,2.2113,0
327,37.2307013,-80.4252333,4/10/2022 9:09:38 AM,0,2.2113,0
328,37.2307013,-80.4252333,4/10/2022 9:09:43 AM,0,2.2113,0
329,37.2307013,-80.4252333,4/10/2022 9:09:48 AM,0,2.2113,0
330,37.2307013,-80.4252333,4/10/2022 9:09:53 AM,0,2.2113,0
331,37.2307013,-80.4252333,4/10/2022 9:09:58 AM,0,2.2113,0
332,37.2307013,-80.4252333,4/10/2022 9:10:03 AM,0,2.2113,0
333,37.2307013,-80.4252333,4/10/2022 9:10:08 AM,0,2.2113,0
334,37.2307013,-80.4252333,4/10/2022 9:10:13 AM,0,2.2113,0
335,37.2307013,-80.4252333,4/10/2022 9:10:18 AM,0,2.2113,0
336,37.2307013,-80.4252333,4/10/2022 9:10:23 AM,0,2.2113,0
337,37.2307013,-80.4252333,4/10/2022 9:10:28 AM,0,2.2113,0
338,37.2307013,-80.4252333,4/10/2022 9:10:33 AM,0,2.2113,0
339,37.2306968,-80.4252333,4/10/2022 9:10:38 AM,0.0005,2.2118,0.36
340,37.2306968,-80.4253174,4/10/2022 9:10:43 AM,0.0074,2.2192,5.36
341,37.2307503,-80.4253734,4/10/2022 9:10:48 AM,0.0077,2.2269,5.57
342,37.2307993,-80.4254014,4/10/2022 9:10:53 AM,0.006,2.2329,4.31
343,37.2308349,-80.4254518,4/10/2022 9:10:58 AM,0.006,2.2389,4.3
344,37.230875,-80.425463,4/10/2022 9:11:03 AM,0.0046,2.2435,3.29
345,37.2308883,-80.425463,4/10/2022 9:11:08 AM,0.0015,2.2449,1.07
346,37.2308883,-80.4255078,4/10/2022 9:11:13 AM,0.004,2.2489,2.86
347,37.2308883,-80.4255751,4/10/2022 9:11:18 AM,0.006,2.2549,4.29
348,37.2308883,-80.4256759,4/10/2022 9:11:23 AM,0.0089,2.2638,6.43
349,37.2308883,-80.4257151,4/10/2022 9:11:28 AM,0.0035,2.2673,2.5
350,37.2308883,-80.425788,4/10/2022 9:11:33 AM,0.0064,2.2737,4.64
351,37.2308883,-80.4258608,4/10/2022 9:11:38 AM,0.0064,2.2802,4.64
352,37.2308883,-80.4260569,4/10/2022 9:11:43 AM,0.0174,2.2975,12.5
353,37.2308883,-80.4261073,4/10/2022 9:11:48 AM,0.0045,2.302,3.21
354,37.2308883,-80.4261801,4/10/2022 9:11:53 AM,0.0064,2.3084,4.64
355,37.2308037,-80.4261689,4/10/2022 9:11:58 AM,0.0095,2.3179,6.81
356,37.2307725,-80.4261689,4/10/2022 9:12:03 AM,0.0035,2.3214,2.5
357,37.2306746,-80.4261689,4/10/2022 9:12:08 AM,0.0109,2.3323,7.84
358,37.230541,-80.4261633,4/10/2022 9:12:13 AM,0.0149,2.3471,10.7
359,37.2304341,-80.4261913,4/10/2022 9:12:18 AM,0.0121,2.3593,8.74
360,37.2303628,-80.4261857,4/10/2022 9:12:23 AM,0.0079,2.3672,5.72
361,37.2302871,-80.4261857,4/10/2022 9:12:28 AM,0.0084,2.3756,6.06
362,37.230158,-80.4261801,4/10/2022 9:12:33 AM,0.0144,2.39,10.35
363,37.2300065,-80.4261745,4/10/2022 9:12:38 AM,0.0168,2.4068,12.13
364,37.229913,-80.4261913,4/10/2022 9:12:43 AM,0.0105,2.4173,7.56
365,37.2297794,-80.4261745,4/10/2022 9:12:48 AM,0.0149,2.4323,10.75
366,37.2296503,-80.4261745,4/10/2022 9:12:53 AM,0.0144,2.4466,10.34
367,37.2294989,-80.4261857,4/10/2022 9:12:58 AM,0.0169,2.4635,12.14
368,37.2293742,-80.4261857,4/10/2022 9:13:03 AM,0.0139,2.4774,9.98
369,37.2293074,-80.4261857,4/10/2022 9:13:08 AM,0.0074,2.4848,5.35
370,37.2291693,-80.4261633,4/10/2022 9:13:13 AM,0.0155,2.5003,11.14
371,37.2290758,-80.4261745,4/10/2022 9:13:18 AM,0.0104,2.5107,7.52
372,37.2289333,-80.4261745,4/10/2022 9:13:23 AM,0.0158,2.5266,11.41
373,37.2288932,-80.4261745,4/10/2022 9:13:28 AM,0.0045,2.531,3.21
374,37.2288442,-80.4261745,4/10/2022 9:13:33 AM,0.0054,2.5365,3.92
375,37.2287818,-80.4261241,4/10/2022 9:13:38 AM,0.0082,2.5447,5.94
376,37.2287774,-80.4260289,4/10/2022 9:13:43 AM,0.0084,2.5532,6.08
377,37.2287863,-80.425956,4/10/2022 9:13:48 AM,0.0065,2.5597,4.7
378,37.2287863,-80.425844,4/10/2022 9:13:53 AM,0.0099,2.5696,7.14
379,37.2287863,-80.4257263,4/10/2022 9:13:58 AM,0.0104,2.58,7.5
380,37.2287863,-80.4256535,4/10/2022 9:14:03 AM,0.0064,2.5865,4.64
381,37.2287863,-80.4255134,4/10/2022 9:14:08 AM,0.0124,2.5989,8.93
382,37.2287863,-80.4253846,4/10/2022 9:14:13 AM,0.0114,2.6103,8.21
383,37.2287863,-80.4253342,4/10/2022 9:14:18 AM,0.0045,2.6147,3.21
384,37.2287863,-80.4252893,4/10/2022 9:14:23 AM,0.004,2.6187,2.86
385,37.2288086,-80.4252557,4/10/2022 9:14:28 AM,0.0039,2.6226,2.79
386,37.2288798,-80.4252501,4/10/2022 9:14:33 AM,0.0079,2.6305,5.72
387,37.2289644,-80.4252501,4/10/2022 9:14:38 AM,0.0094,2.6399,6.77
388,37.2290401,-80.4252501,4/10/2022 9:14:43 AM,0.0084,2.6483,6.06
389,37.2290446,-80.4252501,4/10/2022 9:14:48 AM,0.0005,2.6488,0.36
390,37.2290312,-80.4252501,4/10/2022 9:14:53 AM,0.0015,2.6503,1.07
391,37.2290268,-80.4252501,4/10/2022 9:14:58 AM,0.0005,2.6508,0.36
392,37.2290268,-80.4252501,4/10/2022 9:15:03 AM,0,2.6508,0
393,37.2290268,-80.4252501,4/10/2022 9:15:08 AM,0,2.6508,0
394,37.2290268,-80.4252501,4/10/2022 9:15:13 AM,0,2.6508,0
395,37.2290268,-80.4252501,4/10/2022 9:15:18 AM,0,2.6508,0
396,37.2290268,-80.4252501,4/10/2022 9:15:23 AM,0,2.6508,0
397,37.2290268,-80.4252501,4/10/2022 9:15:28 AM,0,2.6508,0
398,37.2290268,-80.4252501,4/10/2022 9:15:33 AM,0,2.6508,0
399,37.2289689,-80.4252501,4/10/2022 9:15:38 AM,0.0064,2.6573,4.64
400,37.2288754,-80.4252501,4/10/2022 9:15:43 AM,0.0104,2.6677,7.49
401,37.2288219,-80.4252333,4/10/2022 9:15:48 AM,0.0061,2.6738,4.41
402,37.2287774,-80.4251773,4/10/2022 9:15:53 AM,0.007,2.6808,5.05
403,37.2287774,-80.4250485,4/10/2022 9:15:58 AM,0.0114,2.6922,8.21
404,37.2287774,-80.4249252,4/10/2022 9:16:03 AM,0.0109,2.7031,7.86
405,37.2287818,-80.4247739,4/10/2022 9:16:08 AM,0.0134,2.7165,9.65
406,37.2287818,-80.4246675,4/10/2022 9:16:13 AM,0.0094,2.7259,6.79
407,37.2287818,-80.4245498,4/10/2022 9:16:18 AM,0.0104,2.7363,7.5
408,37.2287863,-80.4244322,4/10/2022 9:16:23 AM,0.0104,2.7468,7.51
409,37.2287863,-80.4242249,4/10/2022 9:16:28 AM,0.0184,2.7651,13.21
410,37.2287863,-80.4240624,4/10/2022 9:16:33 AM,0.0144,2.7795,10.36
411,37.2287863,-80.4239056,4/10/2022 9:16:38 AM,0.0139,2.7934,10
412,37.2287863,-80.4238215,4/10/2022 9:16:43 AM,0.0074,2.8008,5.36
413,37.2287863,-80.4237543,4/10/2022 9:16:48 AM,0.006,2.8068,4.29
414,37.2288442,-80.4236983,4/10/2022 9:16:53 AM,0.0081,2.8149,5.85
415,37.2289466,-80.4236871,4/10/2022 9:16:58 AM,0.0114,2.8264,8.23
416,37.2289956,-80.4236871,4/10/2022 9:17:03 AM,0.0054,2.8318,3.92
417,37.2290891,-80.4236871,4/10/2022 9:17:08 AM,0.0104,2.8422,7.49
418,37.229147,-80.4236871,4/10/2022 9:17:13 AM,0.0064,2.8486,4.64
419,37.229294,-80.4236815,4/10/2022 9:17:18 AM,0.0163,2.865,11.77
420,37.2294721,-80.4236815,4/10/2022 9:17:23 AM,0.0198,2.8848,14.26
421,37.2296146,-80.4237039,4/10/2022 9:17:28 AM,0.016,2.9008,11.5
422,37.2297616,-80.4237039,4/10/2022 9:17:33 AM,0.0163,2.9171,11.77
423,37.229864,-80.4237151,4/10/2022 9:17:38 AM,0.0114,2.9285,8.23
424,37.2299798,-80.4237151,4/10/2022 9:17:43 AM,0.0129,2.9414,9.27
425,37.2301001,-80.4237095,4/10/2022 9:17:48 AM,0.0134,2.9548,9.63
426,37.2301669,-80.4237095,4/10/2022 9:17:53 AM,0.0074,2.9622,5.35
427,37.2302426,-80.4237095,4/10/2022 9:17:58 AM,0.0084,2.9706,6.06
428,37.2303495,-80.4237711,4/10/2022 9:18:03 AM,0.0131,2.9837,9.42
429,37.2304252,-80.4238496,4/10/2022 9:18:08 AM,0.0109,2.9946,7.86
430,37.2304742,-80.4239336,4/10/2022 9:18:13 AM,0.0092,3.0039,6.64
431,37.2306078,-80.4240793,4/10/2022 9:18:18 AM,0.0197,3.0235,14.16
432,37.230679,-80.4241801,4/10/2022 9:18:23 AM,0.0119,3.0355,8.59
433,37.2307146,-80.4242305,4/10/2022 9:18:28 AM,0.006,3.0414,4.3
434,37.2308171,-80.4243482,4/10/2022 9:18:33 AM,0.0154,3.0569,11.11
435,37.2308438,-80.4243762,4/10/2022 9:18:38 AM,0.0039,3.0607,2.79
436,37.2309106,-80.4245106,4/10/2022 9:18:43 AM,0.014,3.0748,10.1
437,37.2309106,-80.4246283,4/10/2022 9:18:48 AM,0.0104,3.0852,7.5
438,37.2309195,-80.4247739,4/10/2022 9:18:53 AM,0.0129,3.0981,9.31
439,37.2309151,-80.424914,4/10/2022 9:18:58 AM,0.0124,3.1105,8.94
440,37.2309151,-80.4249924,4/10/2022 9:19:03 AM,0.0069,3.1175,5
441,37.2309151,-80.4250709,4/10/2022 9:19:08 AM,0.0069,3.1244,5
442,37.2309195,-80.4251773,4/10/2022 9:19:13 AM,0.0094,3.1338,6.79
443,37.2309195,-80.4252893,4/10/2022 9:19:18 AM,0.0099,3.1438,7.14
444,37.2308928,-80.4253062,4/10/2022 9:19:23 AM,0.0033,3.1471,2.39
445,37.2308438,-80.425295,4/10/2022 9:19:28 AM,0.0055,3.1526,3.99
446,37.2308037,-80.425295,4/10/2022 9:19:33 AM,0.0045,3.1571,3.21
447,37.2307325,-80.425295,4/10/2022 9:19:38 AM,0.0079,3.165,5.7
448,37.2306835,-80.425295,4/10/2022 9:19:43 AM,0.0054,3.1705,3.92
449,37.2306835,-80.425295,4/10/2022 9:19:48 AM,0,3.1705,0
450,37.2306835,-80.425295,4/10/2022 9:19:53 AM,0,3.1705,0
451,37.2306835,-80.425295,4/10/2022 9:19:58 AM,0,3.1705,0
452,37.2306835,-80.425295,4/10/2022 9:20:03 AM,0,3.1705,0
453,37.2306835,-80.425295,4/10/2022 9:20:08 AM,0,3.1705,0
454,37.2306835,-80.425295,4/10/2022 9:20:13 AM,0,3.1705,0
455,37.2306835,-80.425295,4/10/2022 9:20:18 AM,0,3.1705,0
456,37.2306835,-80.425295,4/10/2022 9:20:23 AM,0,3.1705,0
457,37.2306835,-80.425295,4/10/2022 9:20:28 AM,0,3.1705,0
458,37.2306835,-80.425295,4/10/2022 9:20:33 AM,0,3.1705,0
459,37.2306835,-80.425295,4/10/2022 9:20:38 AM,0,3.1705,0
460,37.2306835,-80.425295,4/10/2022 9:20:43 AM,0,3.1705,0
461,37.2306835,-80.425295,4/10/2022 9:20:48 AM,0,3.1705,0
462,37.2306835,-80.425295,4/10/2022 9:20:53 AM,0,3.1705,0
463,37.2306835,-80.425295,4/10/2022 9:20:58 AM,0,3.1705,0
464,37.2306835,-80.425295,4/10/2022 9:21:03 AM,0,3.1705,0
465,37.2306835,-80.425295,4/10/2022 9:21:08 AM,0,3.1705,0
466,37.2306835,-80.425295,4/10/2022 9:21:13 AM,0,3.1705,0
467,37.2306835,-80.425295,4/10/2022 9:21:18 AM,0,3.1705,0
468,37.2306835,-80.425295,4/10/2022 9:21:23 AM,0,3.1705,0
469,37.2306835,-80.425295,4/10/2022 9:21:28 AM,0,3.1705,0
470,37.2306835,-80.425295,4/10/2022 9:21:33 AM,0,3.1705,0
471,37.2307013,-80.4253566,4/10/2022 9:21:38 AM,0.0058,3.1763,4.18
472,37.2307369,-80.425407,4/10/2022 9:21:43 AM,0.006,3.1822,4.3
473,37.2307859,-80.4254574,4/10/2022 9:21:48 AM,0.007,3.1893,5.07
474,37.2308215,-80.425491,4/10/2022 9:21:53 AM,0.005,3.1942,3.57
475,37.2308883,-80.4255022,4/10/2022 9:21:58 AM,0.0075,3.2017,5.4
476,37.2308928,-80.4255022,4/10/2022 9:22:03 AM,0.0005,3.2022,0.36
477,37.2308928,-80.4256087,4/10/2022 9:22:08 AM,0.0094,3.2116,6.79
478,37.2308972,-80.4257151,4/10/2022 9:22:13 AM,0.0094,3.2211,6.79
479,37.2308972,-80.4258328,4/10/2022 9:22:18 AM,0.0104,3.2315,7.5
480,37.2308972,-80.426012,4/10/2022 9:22:23 AM,0.0159,3.2474,11.43
481,37.2308794,-80.4261017,4/10/2022 9:22:28 AM,0.0082,3.2555,5.89
482,37.2307904,-80.4261577,4/10/2022 9:22:33 AM,0.0111,3.2666,7.98
483,37.2307503,-80.4261633,4/10/2022 9:22:38 AM,0.0045,3.2711,3.23
484,37.2306211,-80.4261633,4/10/2022 9:22:43 AM,0.0144,3.2855,10.34
485,37.2305321,-80.4261689,4/10/2022 9:22:48 AM,0.0099,3.2954,7.14
486,37.2304563,-80.4261745,4/10/2022 9:22:53 AM,0.0084,3.3038,6.07
487,37.2303049,-80.4261577,4/10/2022 9:22:58 AM,0.0169,3.3207,12.17
488,37.2301758,-80.4261801,4/10/2022 9:23:03 AM,0.0145,3.3352,10.44
489,37.2300333,-80.4261745,4/10/2022 9:23:08 AM,0.0159,3.3511,11.42
490,37.2299308,-80.4261745,4/10/2022 9:23:13 AM,0.0114,3.3625,8.2
491,37.2298284,-80.4261857,4/10/2022 9:23:18 AM,0.0114,3.3739,8.23
492,37.2297304,-80.4261801,4/10/2022 9:23:23 AM,0.0109,3.3848,7.85
493,37.2296013,-80.4261913,4/10/2022 9:23:28 AM,0.0144,3.3992,10.36
494,37.2294989,-80.4261913,4/10/2022 9:23:33 AM,0.0114,3.4106,8.2
495,37.2293831,-80.4262305,4/10/2022 9:23:38 AM,0.0133,3.4239,9.6
496,37.2293474,-80.4261801,4/10/2022 9:23:43 AM,0.006,3.4299,4.3
497,37.2291025,-80.4261801,4/10/2022 9:23:48 AM,0.0272,3.4571,19.61
498,37.2290001,-80.4262081,4/10/2022 9:23:53 AM,0.0117,3.4688,8.39
499,37.2289155,-80.4261857,4/10/2022 9:23:58 AM,0.0096,3.4784,6.92
500,37.2288308,-80.4261745,4/10/2022 9:24:03 AM,0.0095,3.4879,6.81
501,37.2287952,-80.4261353,4/10/2022 9:24:08 AM,0.0053,3.4931,3.79
502,37.2287952,-80.4260513,4/10/2022 9:24:13 AM,0.0074,3.5006,5.36
503,37.2287908,-80.4259056,4/10/2022 9:24:18 AM,0.0129,3.5135,9.29
504,37.2287908,-80.4257992,4/10/2022 9:24:23 AM,0.0094,3.5229,6.79
505,37.2287863,-80.4256703,4/10/2022 9:24:28 AM,0.0114,3.5343,8.22
506,37.2287863,-80.4255583,4/10/2022 9:24:33 AM,0.0099,3.5442,7.14
507,37.2287863,-80.425463,4/10/2022 9:24:38 AM,0.0084,3.5527,6.07
508,37.2287908,-80.4253566,4/10/2022 9:24:43 AM,0.0094,3.5621,6.79
509,37.2288754,-80.425323,4/10/2022 9:24:48 AM,0.0099,3.572,7.11
510,37.2289199,-80.425323,4/10/2022 9:24:53 AM,0.005,3.5769,3.57
511,37.2289555,-80.425323,4/10/2022 9:24:58 AM,0.004,3.5809,2.85
512,37.2289733,-80.425323,4/10/2022 9:25:03 AM,0.002,3.5829,1.43
513,37.2289733,-80.425323,4/10/2022 9:25:08 AM,0,3.5829,0
514,37.2289733,-80.425323,4/10/2022 9:25:13 AM,0,3.5829,0
515,37.2289733,-80.425323,4/10/2022 9:25:18 AM,0,3.5829,0
516,37.2289733,-80.425323,4/10/2022 9:25:23 AM,0,3.5829,0
517,37.2289733,-80.425323,4/10/2022 9:25:28 AM,0,3.5829,0
518,37.2289733,-80.425323,4/10/2022 9:25:33 AM,0,3.5829,0
519,37.2289644,-80.4253174,4/10/2022 9:25:38 AM,0.0011,3.584,0.8
520,37.2289333,-80.4253174,4/10/2022 9:25:43 AM,0.0035,3.5874,2.5
521,37.2288665,-80.425295,4/10/2022 9:25:48 AM,0.0077,3.5951,5.54
522,37.2288308,-80.4252557,4/10/2022 9:25:53 AM,0.0053,3.6004,3.79
523,37.2287997,-80.4251997,4/10/2022 9:25:58 AM,0.0061,3.6064,4.36
524,37.2287952,-80.4250709,4/10/2022 9:26:03 AM,0.0114,3.6179,8.22
525,37.2287952,-80.4249812,4/10/2022 9:26:08 AM,0.0079,3.6258,5.71
526,37.2287952,-80.42483,4/10/2022 9:26:13 AM,0.0134,3.6392,9.64
527,37.2287818,-80.4246451,4/10/2022 9:26:18 AM,0.0164,3.6556,11.83
528,37.2287818,-80.4244938,4/10/2022 9:26:23 AM,0.0134,3.669,9.64
529,37.2287818,-80.4243314,4/10/2022 9:26:28 AM,0.0144,3.6834,10.36
530,37.2287818,-80.4241801,4/10/2022 9:26:33 AM,0.0134,3.6968,9.64
531,37.2287818,-80.42404,4/10/2022 9:26:38 AM,0.0124,3.7092,8.93
532,37.2288175,-80.4238384,4/10/2022 9:26:43 AM,0.0183,3.7275,13.17
533,37.228813,-80.4237487,4/10/2022 9:26:48 AM,0.008,3.7354,5.73
534,37.228813,-80.4237263,4/10/2022 9:26:53 AM,0.002,3.7374,1.43
535,37.2288397,-80.4237263,4/10/2022 9:26:58 AM,0.003,3.7404,2.14
536,37.2289377,-80.4236983,4/10/2022 9:27:03 AM,0.0112,3.7516,8.04
537,37.2290446,-80.4236815,4/10/2022 9:27:08 AM,0.012,3.7635,8.62
538,37.2291738,-80.4236983,4/10/2022 9:27:13 AM,0.0144,3.778,10.4
539,37.2292806,-80.4236983,4/10/2022 9:27:18 AM,0.0119,3.7899,8.56
540,37.2293519,-80.4236983,4/10/2022 9:27:23 AM,0.0079,3.7978,5.7
541,37.2294543,-80.4236983,4/10/2022 9:27:28 AM,0.0114,3.8092,8.2
542,37.2294855,-80.4236983,4/10/2022 9:27:33 AM,0.0035,3.8126,2.5
543,37.2294855,-80.4237935,4/10/2022 9:27:38 AM,0.0084,3.8211,6.07
544,37.229481,-80.4238496,4/10/2022 9:27:43 AM,0.005,3.8261,3.59
545,37.229481,-80.4238944,4/10/2022 9:27:48 AM,0.004,3.83,2.86
546,37.2294766,-80.4240008,4/10/2022 9:27:53 AM,0.0094,3.8395,6.79
547,37.2294721,-80.4240624,4/10/2022 9:27:58 AM,0.0055,3.8449,3.94
548,37.2294721,-80.4240624,4/10/2022 9:28:03 AM,0,3.8449,0
549,37.2294721,-80.4240624,4/10/2022 9:28:08 AM,0,3.8449,0
550,37.2294721,-80.4240624,4/10/2022 9:28:13 AM,0,3.8449,0
551,37.2294721,-80.4240624,4/10/2022 9:28:18 AM,0,3.8449,0
552,37.2294721,-80.4240624,4/10/2022 9:28:23 AM,0,3.8449,0
553,37.2294721,-80.4240624,4/10/2022 9:28:28 AM,0,3.8449,0
554,37.2294721,-80.4240624,4/10/2022 9:28:33 AM,0,3.8449,0
555,37.2294721,-80.4240624,4/10/2022 9:28:38 AM,0,3.8449,0
556,37.2294721,-80.4240624,4/10/2022 9:28:43 AM,0,3.8449,0
557,37.2294721,-80.4240624,4/10/2022 9:28:48 AM,0,3.8449,0
558,37.2294721,-80.4240624,4/10/2022 9:28:53 AM,0,3.8449,0
559,37.2294721,-80.4240624,4/10/2022 9:28:58 AM,0,3.8449,0
560,37.2294721,-80.4240624,4/10/2022 9:29:03 AM,0,3.8449,0
561,37.2294721,-80.4240624,4/10/2022 9:29:08 AM,0,3.8449,0